{"cameraMode":{"drawMode":0,"name":"Shaded","section":"Shading Mode"},"sceneLighting":true,"audioPlay":false,"sceneViewState":{"m_AlwaysRefresh":false,"showFog":true,"showSkybox":true,"showFlares":true,"showImageEffects":true,"showParticleSystems":true,"showVisualEffectGraphs":true,"m_FxEnabled":true},"in2DMode":false,"pivot":{"x":-19.282798767089845,"y":2.390000343322754,"z":-8.112736701965332},"rotation":{"x":0.12953175604343415,"y":0.00743661355227232,"z":-0.0009723780676722527,"w":0.9915614128112793},"size":9.643426895141602,"orthographic":false}